{
    "summary": {
        "name": "BIDS App - fmriprep",
        "descriptor-doi": "10.5281/zenodo.3359640",
        "date-time": "2020-06-17_11h19m34s821647ms"
    },
    "public-invocation": {
        "bids_dir": "BIDS_40um/manual_masks",
        "output_dir": "BIDS_40um/manual_masks",
        "analysis_level": "participant",
        "version": "str_version_ak",
        "participant_label": [
            "str_participant_label_nN",
            "str_participant_label_di",
            "str_participant_label_tX"
        ],
        "task_id": "str_task_id_ZB",
        "nthreads": 28.172,
        "omp_nthreads": -23.857,
        "mem_mb": 44.377,
        "low_mem": true,
        "use_plugin": "str_use_plugin_Ss",
        "anat_only": true,
        "boilerplate": true,
        "ignore_aroma_denoising_errors": true,
        "verbose_count": "str_verbose_count_bK",
        "debug": true,
        "ignore": [
            "sbref",
            "sbref",
            "sbref",
            "slicetiming",
            "slicetiming"
        ],
        "longitudinal": true,
        "t2s_coreg": true,
        "bold2t1w_dof": 12,
        "output_space": [
            "fsnative",
            "fsaverage5",
            "fsnative"
        ],
        "use_bbr": true,
        "template": "MNI152NLin2009cAsym",
        "output_grid_reference": "str_output_grid_reference_PB",
        "template_resampling_grid": "str_template_resampling_grid_tT",
        "medial_surface_nan": true,
        "use_aroma": true,
        "aroma_melodic_dimensionality": 39.127,
        "skull_strip_template": "OASIS",
        "skull_strip_fixed_seed": true,
        "fmap_bspline": true,
        "fmap_no_demean": "str_fmap_no_demean_Ez",
        "use_syn_sdc": true,
        "force_syn": true,
        "fs_license_file": {
            "file-name": "f_fs_license_file_14.m",
            "not_found": true
        },
        "hires": "str_hires_Bg",
        "cifti_output": true,
        "run_reconall": "str_run_reconall_JA",
        "work_dir": "str_work_dir_Gk",
        "resource_monitor": true,
        "reports_only": true,
        "run_uuid": "str_run_uuid_Oc",
        "write_graph": true,
        "stop_on_first_crash": true,
        "notrack": true,
        "sloppy": true
    },
    "public-output": {
        "stdout": null,
        "stderr": null,
        "exit-code": 0,
        "error-message": "",
        "shell-command": "fmriprep BIDS_40um/manual_masks BIDS_40um/manual_masks participant --version str_version_ak --participant_label str_participant_label_nN str_participant_label_di str_participant_label_tX -t str_task_id_ZB --nthreads 28.172 --omp-nthreads -23.857 --mem_mb 44.377 --low-mem --use-plugin str_use_plugin_Ss --anat-only --boilerplate --ignore-aroma-denoising-errors -v str_verbose_count_bK --debug --ignore sbref sbref sbref slicetiming slicetiming --longitudinal --t2s-coreg --bold2t1w-dof 12 --output-space fsnative fsaverage5 fsnative --force-bbr --template MNI152NLin2009cAsym --output-grid-reference str_output_grid_reference_PB --template-resampling-grid str_template_resampling_grid_tT --medial-surface-nan --use-aroma --aroma-melodic-dimensionality 39.127 --skull-strip-template OASIS --skull-strip-fixed-seed --fmap-bspline --fmap-no-demean str_fmap_no_demean_Ez --use-syn-sdc --force-syn --fs-license-file f_fs_license_file_14.m --no-submm-recon str_hires_Bg --cifti-output --fs-no-reconall str_run_reconall_JA -w str_work_dir_Gk --resource-monitor --reports-only --run-uuid str_run_uuid_Oc --write-graph --stop-on-first-crash --notrack --sloppy",
        "missing-files": {},
        "output-files": {}
    },
    "additional-information": null
}