{
    "summary": {
        "name": "BIDS app example",
        "descriptor-doi": "10.5281/zenodo.1451001",
        "date-time": "2020-12-15_13h10m14s519476ms"
    },
    "public-invocation": {
        "bids_dir": {
            "file-name": "data_BIDS",
            "files": [
                {
                    "file-name": "dataset_description.json",
                    "md5sum": "d0e86d0d911d9cae0c45c882bedc1229"
                },
                {
                    "file-name": "sub-032633",
                    "files": [
                        {
                            "file-name": "ses-020",
                            "files": [
                                {
                                    "file-name": "anat",
                                    "files": [
                                        {
                                            "file-name": "sub-032633_ses-020_run-1_FLAIR.json",
                                            "md5sum": "3d720bac9d8bf08a61d74c034d53126f"
                                        },
                                        {
                                            "file-name": "sub-032633_ses-020_run-1_FLAIR.nii.gz",
                                            "md5sum": "89c3bdb78fa1505905b1e132b4fffbe7"
                                        },
                                        {
                                            "file-name": "sub-032633_ses-020_run-1_PD.json",
                                            "md5sum": "82bf88aefe31d979a7f0e24b63f0ffc0"
                                        },
                                        {
                                            "file-name": "sub-032633_ses-020_run-1_PD.nii.gz",
                                            "md5sum": "7d45cd8352bb313598521757c03b5d3c"
                                        },
                                        {
                                            "file-name": "sub-032633_ses-020_run-1_T1w.json",
                                            "md5sum": "113ecff83f1d1883c83a29847a016375"
                                        },
                                        {
                                            "file-name": "sub-032633_ses-020_run-1_T1w.nii.gz",
                                            "md5sum": "c6e23c21a6476f2f47a9210b9c6d0da1"
                                        },
                                        {
                                            "file-name": "sub-032633_ses-020_run-1_T2star.json",
                                            "md5sum": "3ee9d37a10563e6aff708a416cc9158e"
                                        },
                                        {
                                            "file-name": "sub-032633_ses-020_run-1_T2star.nii.gz",
                                            "md5sum": "daef9827f9ba82486e75be68771c446c"
                                        },
                                        {
                                            "file-name": "sub-032633_ses-020_run-1_T2w.json",
                                            "md5sum": "19f920666826b499242bf0b9f3b82e1f"
                                        },
                                        {
                                            "file-name": "sub-032633_ses-020_run-1_T2w.nii.gz",
                                            "md5sum": "94ef907e3b14f8c517047f090220da0b"
                                        }
                                    ]
                                },
                                {
                                    "file-name": "dwi",
                                    "files": [
                                        {
                                            "file-name": "sub-032633_ses-020_run-1_dwi.bval",
                                            "md5sum": "2a75fbc7f6067d08bf36b6509ae6a9b0"
                                        },
                                        {
                                            "file-name": "sub-032633_ses-020_run-1_dwi.bvec",
                                            "md5sum": "70ff0a03e5c80635421d6c29c88be711"
                                        },
                                        {
                                            "file-name": "sub-032633_ses-020_run-1_dwi.json",
                                            "md5sum": "090810cfa9708c13c87515d5332dcd23"
                                        },
                                        {
                                            "file-name": "sub-032633_ses-020_run-1_dwi.nii.gz",
                                            "md5sum": "1306a8a9bae777cd4d4b559d9bf10f76"
                                        }
                                    ]
                                },
                                {
                                    "file-name": "func",
                                    "files": [
                                        {
                                            "file-name": "sub-032633_ses-020_task-rest_run-1_bold.json",
                                            "md5sum": "2a8408d765fd2985f942838764de2e69"
                                        },
                                        {
                                            "file-name": "sub-032633_ses-020_task-rest_run-1_bold.nii.gz",
                                            "md5sum": "82d015fb9b812c3fd27f4fdceab69747"
                                        }
                                    ]
                                }
                            ]
                        }
                    ]
                },
                {
                    "file-name": "results_pr",
                    "md5sum": "0a3ccd6a6bd45f4bb2d05210d5b6277a"
                },
                {
                    "file-name": "results-bids-app-example",
                    "files": []
                }
            ]
        },
        "output_dir_name": "results-bids-app-example",
        "analysis_level": "participant"
    },
    "public-output": {
        "stdout": null,
        "stderr": null,
        "exit-code": 0,
        "error-message": "",
        "shell-command": "mkdir -p results-bids-app-example; /run.py /home/mandana/CONP/conp-dataset/projects/SIMON-dataset/data_BIDS results-bids-app-example participant",
        "missing-files": {},
        "output-files": {
            "output_dir": {
                "file-name": "results-bids-app-example",
                "files": [
                    {
                        "file-name": "sub-032633_ses-001_run-1_brain.nii.gz",
                        "md5sum": "9e44d9bb7a8c1d706ae16d200a225482"
                    },
                    {
                        "file-name": "sub-032633_ses-002_run-1_brain.nii.gz",
                        "md5sum": "b3d9901a140e4fd04b6e815fe6bd5cc4"
                    },
                    {
                        "file-name": "sub-032633_ses-003_run-1_brain.nii.gz",
                        "md5sum": "70c34310666bf1fc3e9cd03bc291ae0d"
                    },
                    {
                        "file-name": "sub-032633_ses-004_run-1_brain.nii.gz",
                        "md5sum": "6a37bf60e97ebfbf2c3ada2a87b62dd1"
                    },
                    {
                        "file-name": "sub-032633_ses-005_run-1_brain.nii.gz",
                        "md5sum": "fd5144666f0016ef03c92248b7a31b8d"
                    },
                    {
                        "file-name": "sub-032633_ses-005_run-2_brain.nii.gz",
                        "md5sum": "371e399b638482568cf757e6ed0e37f4"
                    },
                    {
                        "file-name": "sub-032633_ses-005_run-3_brain.nii.gz",
                        "md5sum": "2a29d64ec40b08f63d3ce225cdb6bae8"
                    },
                    {
                        "file-name": "sub-032633_ses-006_run-1_brain.nii.gz",
                        "md5sum": "655c05a759ccf167c28555d99cac417e"
                    },
                    {
                        "file-name": "sub-032633_ses-006_run-2_brain.nii.gz",
                        "md5sum": "165aaad8e7453db55bde62808c2972fc"
                    },
                    {
                        "file-name": "sub-032633_ses-007_run-1_brain.nii.gz",
                        "md5sum": "5086419133a773d3edeb94689df06075"
                    },
                    {
                        "file-name": "sub-032633_ses-008_run-1_brain.nii.gz",
                        "md5sum": "66e631b18c23d878d4bafcf9438cc944"
                    },
                    {
                        "file-name": "sub-032633_ses-009_run-1_brain.nii.gz",
                        "md5sum": "93d6f20bfd3f3bd2b58053ae63df3e8c"
                    },
                    {
                        "file-name": "sub-032633_ses-010_run-1_brain.nii.gz",
                        "md5sum": "0fc65a73a2a7ef3a076f556a14469411"
                    },
                    {
                        "file-name": "sub-032633_ses-011_run-1_brain.nii.gz",
                        "md5sum": "fdd776250f63987d13cbb888d315a509"
                    },
                    {
                        "file-name": "sub-032633_ses-011_run-2_brain.nii.gz",
                        "md5sum": "fb46cd749779f27e490d1a2a24dfc19d"
                    },
                    {
                        "file-name": "sub-032633_ses-012_run-1_brain.nii.gz",
                        "md5sum": "825a404593f59691f91f61124199f1da"
                    },
                    {
                        "file-name": "sub-032633_ses-013_run-1_brain.nii.gz",
                        "md5sum": "121394cf2deb30b861f3d329d167c909"
                    },
                    {
                        "file-name": "sub-032633_ses-014_run-1_brain.nii.gz",
                        "md5sum": "b0c7f3cd4dfbd5ce0648260a326bc28d"
                    },
                    {
                        "file-name": "sub-032633_ses-015_run-1_brain.nii.gz",
                        "md5sum": "fe1704a684ec21f5651fcac2ce8f484f"
                    },
                    {
                        "file-name": "sub-032633_ses-016_run-1_brain.nii.gz",
                        "md5sum": "ed65e7fd179f7c8a28a38b17818d6e05"
                    },
                    {
                        "file-name": "sub-032633_ses-017_run-1_brain.nii.gz",
                        "md5sum": "e5bdc11b86468376b0ed2699438f16d9"
                    },
                    {
                        "file-name": "sub-032633_ses-018_run-1_brain.nii.gz",
                        "md5sum": "ae0974b78e00d727094cd2c333de7ae3"
                    },
                    {
                        "file-name": "sub-032633_ses-019_run-1_brain.nii.gz",
                        "md5sum": "b6e1da8bbd4c8a5b3efd4f4ba9c871d4"
                    },
                    {
                        "file-name": "sub-032633_ses-020_run-1_brain.nii.gz",
                        "md5sum": "ce757ac8c74832623d2cdf7b43a60dbd"
                    },
                    {
                        "file-name": "sub-032633_ses-021_run-1_brain.nii.gz",
                        "md5sum": "20174ee9b86c8862005b9f97db005754"
                    },
                    {
                        "file-name": "sub-032633_ses-022_run-1_brain.nii.gz",
                        "md5sum": "2ae57e20ad91c6e95170995941a18546"
                    },
                    {
                        "file-name": "sub-032633_ses-023_run-1_brain.nii.gz",
                        "md5sum": "e7b27efbbea02dca34ec690bca13085e"
                    },
                    {
                        "file-name": "sub-032633_ses-024_run-1_brain.nii.gz",
                        "md5sum": "8720e56fb6238c493a7897a0e5ec6a80"
                    },
                    {
                        "file-name": "sub-032633_ses-025_run-1_brain.nii.gz",
                        "md5sum": "685efdfe023bf4f2f59f5c0774c07635"
                    },
                    {
                        "file-name": "sub-032633_ses-026_run-1_brain.nii.gz",
                        "md5sum": "161106d1b69531d37f13c73a8764d44c"
                    },
                    {
                        "file-name": "sub-032633_ses-027_run-1_brain.nii.gz",
                        "md5sum": "c28aa93ccc8485ac41b56a3817ed4739"
                    },
                    {
                        "file-name": "sub-032633_ses-028_run-1_brain.nii.gz",
                        "md5sum": "9f06a8c5f7e6e4ca4391d1e3957432cd"
                    },
                    {
                        "file-name": "sub-032633_ses-029_acq-T1Cube_run-1_brain.nii.gz",
                        "md5sum": "e2b4ac07b3ce1e5a9656d036e85a97c2"
                    },
                    {
                        "file-name": "sub-032633_ses-029_acq-T1Cube_run-2_brain.nii.gz",
                        "md5sum": "c10309dbe1d29e7793d36ac246dd296f"
                    },
                    {
                        "file-name": "sub-032633_ses-029_acq-dirWMCube_run-1_brain.nii.gz",
                        "md5sum": "58c9c45f07fa74357203e829c78107a0"
                    },
                    {
                        "file-name": "sub-032633_ses-029_run-1_brain.nii.gz",
                        "md5sum": "1be738bb67b73bd18c6bac1154ee7723"
                    },
                    {
                        "file-name": "sub-032633_ses-029_run-2_brain.nii.gz",
                        "md5sum": "e88cf65995e3142a101de0c3598d2bd2"
                    },
                    {
                        "file-name": "sub-032633_ses-030_acq-32channel_run-2_brain.nii.gz",
                        "md5sum": "f4cc795e5cb9e3243ebd18be2ddf8f06"
                    },
                    {
                        "file-name": "sub-032633_ses-030_acq-32channel_run-3_brain.nii.gz",
                        "md5sum": "c9fe54767d049868fa71b221ded1eec9"
                    },
                    {
                        "file-name": "sub-032633_ses-030_run-1_brain.nii.gz",
                        "md5sum": "1d26236184dc2c90d70a017f1fdfca79"
                    },
                    {
                        "file-name": "sub-032633_ses-031_run-1_brain.nii.gz",
                        "md5sum": "931b9916e8ebc4ee145ebdc9c98c1418"
                    },
                    {
                        "file-name": "sub-032633_ses-032_acq-08iso_run-2_brain.nii.gz",
                        "md5sum": "637de8553ff979fb6396d645467ff1c3"
                    },
                    {
                        "file-name": "sub-032633_ses-032_acq-10iso_run-1_brain.nii.gz",
                        "md5sum": "b549a2581ba6776d0fdcbd75fd01e1bf"
                    },
                    {
                        "file-name": "sub-032633_ses-033_acq-08iso_run-2_brain.nii.gz",
                        "md5sum": "affedee0bf0fc4756d0f3b58ff03f05e"
                    },
                    {
                        "file-name": "sub-032633_ses-033_acq-10iso_run-1_brain.nii.gz",
                        "md5sum": "a44783bb51239151ec95dbe119d72ea4"
                    },
                    {
                        "file-name": "sub-032633_ses-034_acq-08iso_run-1_brain.nii.gz",
                        "md5sum": "6a58c4172aaea2481737315600bb8c17"
                    },
                    {
                        "file-name": "sub-032633_ses-035_run-1_brain.nii.gz",
                        "md5sum": "9bff328d7a75de7a97493a71b09d0a58"
                    },
                    {
                        "file-name": "sub-032633_ses-036_run-1_brain.nii.gz",
                        "md5sum": "c25edcf02688dba0b2e0bfea4faef932"
                    },
                    {
                        "file-name": "sub-032633_ses-036_run-2_brain.nii.gz",
                        "md5sum": "8c0fdad6e9bef31b19ba3a5cd47d003a"
                    },
                    {
                        "file-name": "sub-032633_ses-036_run-3_brain.nii.gz",
                        "md5sum": "8c209ed80a4e8ae999b31ac954debc31"
                    },
                    {
                        "file-name": "sub-032633_ses-036_run-4_brain.nii.gz",
                        "md5sum": "28076501702e8281d2e7be2bde6d86a1"
                    },
                    {
                        "file-name": "sub-032633_ses-036_run-5_brain.nii.gz",
                        "md5sum": "ae6c9259cadb6c84402083851e46d023"
                    },
                    {
                        "file-name": "sub-032633_ses-037_run-1_brain.nii.gz",
                        "md5sum": "2c73d36a9ad2f0fda8c9411b664d040c"
                    },
                    {
                        "file-name": "sub-032633_ses-038_run-1_brain.nii.gz",
                        "md5sum": "49b45949a913e508c85f8bde0896ee6d"
                    },
                    {
                        "file-name": "sub-032633_ses-039_run-1_brain.nii.gz",
                        "md5sum": "9b72a749d93cafbe2ff4f1b4f9749349"
                    },
                    {
                        "file-name": "sub-032633_ses-040_run-1_brain.nii.gz",
                        "md5sum": "3ff22f6ed4b269dcf9444d3ca3215da8"
                    },
                    {
                        "file-name": "sub-032633_ses-041_run-1_brain.nii.gz",
                        "md5sum": "8f856fb33fa907551320bda1385f6779"
                    },
                    {
                        "file-name": "sub-032633_ses-042_run-1_brain.nii.gz",
                        "md5sum": "e9da49551e32fb463e0e8397dc0e7113"
                    },
                    {
                        "file-name": "sub-032633_ses-042_run-2_brain.nii.gz",
                        "md5sum": "ce18c722b776313ccf49d880ad8cc7b3"
                    },
                    {
                        "file-name": "sub-032633_ses-043_run-1_brain.nii.gz",
                        "md5sum": "1f89256818e68706b39153bf98507387"
                    },
                    {
                        "file-name": "sub-032633_ses-044_run-1_brain.nii.gz",
                        "md5sum": "850753c50b31758fc095cc12b7dfb59d"
                    },
                    {
                        "file-name": "sub-032633_ses-044_run-2_brain.nii.gz",
                        "md5sum": "9b029d67d6b65d42406b339407b54686"
                    },
                    {
                        "file-name": "sub-032633_ses-044_run-3_brain.nii.gz",
                        "md5sum": "e82a9d34f043f88e6ec9ee9bba47a280"
                    },
                    {
                        "file-name": "sub-032633_ses-045_run-1_brain.nii.gz",
                        "md5sum": "72350354e3087c3cf8aafe0fa5eee534"
                    },
                    {
                        "file-name": "sub-032633_ses-045_run-2_brain.nii.gz",
                        "md5sum": "f9794dbde1d74cab2d6ace60b117d3d6"
                    },
                    {
                        "file-name": "sub-032633_ses-046_run-1_brain.nii.gz",
                        "md5sum": "886cf573f3a2544640e8a0a876c8fce9"
                    },
                    {
                        "file-name": "sub-032633_ses-046_run-2_brain.nii.gz",
                        "md5sum": "560c13abe665e3204d17a41220fe2d42"
                    },
                    {
                        "file-name": "sub-032633_ses-046_run-3_brain.nii.gz",
                        "md5sum": "45d4d89a463c37c7cffdde6cd086d4c2"
                    },
                    {
                        "file-name": "sub-032633_ses-047_run-1_brain.nii.gz",
                        "md5sum": "bd30c679a1b4dd36354d92ec052e5818"
                    },
                    {
                        "file-name": "sub-032633_ses-048_acq-transverse_run-3_brain.nii.gz",
                        "md5sum": "ce3f1f713515f40e8c91931c02f15e5f"
                    },
                    {
                        "file-name": "sub-032633_ses-048_run-1_brain.nii.gz",
                        "md5sum": "55dbaadec87fcd00cbe8041c1cb84640"
                    },
                    {
                        "file-name": "sub-032633_ses-048_run-2_brain.nii.gz",
                        "md5sum": "2b51998dd122f91e9e7e3ab648413897"
                    },
                    {
                        "file-name": "sub-032633_ses-049_run-1_brain.nii.gz",
                        "md5sum": "32e7fdb34a7a448a0777f0adfa53ca41"
                    },
                    {
                        "file-name": "sub-032633_ses-050_run-1_brain.nii.gz",
                        "md5sum": "ebf3f0107b6bf7ca83ca617dd5d3193f"
                    },
                    {
                        "file-name": "sub-032633_ses-051_run-1_brain.nii.gz",
                        "md5sum": "948f837e555622b3cda4b4d57cb465fe"
                    },
                    {
                        "file-name": "sub-032633_ses-051_run-2_brain.nii.gz",
                        "md5sum": "c583e3c23922b3bd260168fd2c479051"
                    },
                    {
                        "file-name": "sub-032633_ses-052_run-1_brain.nii.gz",
                        "md5sum": "5a9762c76252a55ab4f2f3b7ab557247"
                    },
                    {
                        "file-name": "sub-032633_ses-053_run-1_brain.nii.gz",
                        "md5sum": "805f2d58242c94712845de5ffbbba805"
                    },
                    {
                        "file-name": "sub-032633_ses-054_run-1_brain.nii.gz",
                        "md5sum": "c4b15866c4a750f71c79203ee5252337"
                    },
                    {
                        "file-name": "sub-032633_ses-055_run-1_brain.nii.gz",
                        "md5sum": "2f3fe59c6ba20f9db125b0efaab0b4be"
                    },
                    {
                        "file-name": "sub-032633_ses-056_run-1_brain.nii.gz",
                        "md5sum": "6cf97915d20251f344c9609bcee89ebf"
                    },
                    {
                        "file-name": "sub-032633_ses-057_run-1_brain.nii.gz",
                        "md5sum": "6797a1565d732665d3d060ada958bc04"
                    },
                    {
                        "file-name": "sub-032633_ses-058_run-1_brain.nii.gz",
                        "md5sum": "5e287356fb6173c05b57f3a128b82b66"
                    },
                    {
                        "file-name": "sub-032633_ses-059_run-1_brain.nii.gz",
                        "md5sum": "d17b12efd34ff39ea5f28109a173885d"
                    },
                    {
                        "file-name": "sub-032633_ses-060_run-1_brain.nii.gz",
                        "md5sum": "ff90f93c5732057f6692b81682860513"
                    },
                    {
                        "file-name": "sub-032633_ses-061_run-1_brain.nii.gz",
                        "md5sum": "b5a16212112bc48a91735c0121dd397a"
                    },
                    {
                        "file-name": "sub-032633_ses-061_run-2_brain.nii.gz",
                        "md5sum": "59d5b48c7b175235ecc6fdefc1947a5d"
                    },
                    {
                        "file-name": "sub-032633_ses-062_run-1_brain.nii.gz",
                        "md5sum": "fcc69671b46361ac431d0016664b628b"
                    },
                    {
                        "file-name": "sub-032633_ses-063_run-1_brain.nii.gz",
                        "md5sum": "8a45d75c6d2eba09b3f1e9c4f4e6cf4b"
                    },
                    {
                        "file-name": "sub-032633_ses-064_run-1_brain.nii.gz",
                        "md5sum": "8737dc9bbc1d11368ba66e14e1031e14"
                    },
                    {
                        "file-name": "sub-032633_ses-065_run-1_brain.nii.gz",
                        "md5sum": "3a4025f0a9d1f4f2e3ca38e04c4ac9f9"
                    },
                    {
                        "file-name": "sub-032633_ses-066_run-1_brain.nii.gz",
                        "md5sum": "6648c01fe4180606ff44da03c0191434"
                    },
                    {
                        "file-name": "sub-032633_ses-067_run-1_brain.nii.gz",
                        "md5sum": "d0a6bbb6db9dd0f463048b3c785082c3"
                    },
                    {
                        "file-name": "sub-032633_ses-068_run-1_brain.nii.gz",
                        "md5sum": "04e271c71212e46eedc3cf43f24dbff8"
                    },
                    {
                        "file-name": "sub-032633_ses-069_run-1_brain.nii.gz",
                        "md5sum": "4ae5cd558d34bb48666002929534d6cb"
                    },
                    {
                        "file-name": "sub-032633_ses-070_run-1_brain.nii.gz",
                        "md5sum": "a771f775d028d0f4dde6eafd8cea9051"
                    },
                    {
                        "file-name": "sub-032633_ses-071_run-1_brain.nii.gz",
                        "md5sum": "8e4be7447973098b3fcdf7498d39c6a2"
                    },
                    {
                        "file-name": "sub-032633_ses-072_run-1_brain.nii.gz",
                        "md5sum": "edeee1feb2a6df3d96d597aabb4310e3"
                    },
                    {
                        "file-name": "sub-032633_ses-073_run-1_brain.nii.gz",
                        "md5sum": "19a54216c0c7d3581110d143b5e06f74"
                    }
                ]
            }
        }
    },
    "additional-information": null
}