{
    "summary": {
        "name": "FLIRT",
        "descriptor-doi": "10.5281/zenodo.2597643",
        "date-time": "2020-06-18_22h33m32s891961ms"
    },
    "public-invocation": {
        "in_file": {
            "file-name": "sub-01_space-MNI152NLin2009cAsym_desc-grey_mask.nii.gz",
            "md5sum": "59f80b4008e581bcf4f3510869ee6200"
        },
        "reference": {
            "file-name": "sub-01_space-MNI152NLin2009cAsym_desc-grey_mask_brain",
            "not_found": true
        }
    },
    "public-output": {
        "stdout": null,
        "stderr": null,
        "exit-code": 134,
        "error-message": "",
        "shell-command": "flirt -in sub-01_space-MNI152NLin2009cAsym_desc-grey_mask.nii.gz -ref sub-01_space-MNI152NLin2009cAsym_desc-grey_mask_brain -out sub-01_space-MNI152NLin2009cAsym_desc-grey_mask_flirt -omat sub-01_space-MNI152NLin2009cAsym_desc-grey_mask_flirt.mat",
        "missing-files": {},
        "output-files": {}
    },
    "additional-information": null
}