{
    "summary": {
        "name": "FreeSurferPipelineBatch-CentOS7",
        "descriptor-doi": "10.5281/zenodo.1450997",
        "date-time": "2020-06-23_17h40m40s894608ms"
    },
    "public-invocation": {
        "subject_folder": {
            "file-name": "sub_01_control_site_1",
            "files": [
                {
                    "file-name": "anat",
                    "files": [
                        {
                            "file-name": "sub_01_control_site_1_T1w.nii.gz",
                            "md5sum": "11635b3302b5d73eb12bafe6a9110272"
                        },
                        {
                            "file-name": "temp-766935393457-1592947855461.localExec.boshjob.sh",
                            "md5sum": "d7b10db3a54b8d913ae008b4f2fa54aa"
                        }
                    ]
                },
                {
                    "file-name": "func",
                    "files": [
                        {
                            "file-name": "sub_01_control_site_1_task_rest_acq_singleband_bold.nii.gz",
                            "md5sum": "0b7ced681ab6ba2b45d1f02c0f509cf9"
                        }
                    ]
                }
            ]
        },
        "execution_name": "str_execution_name_5H",
        "freesurfer_license": {
            "file-name": "f_freesurfer_license_89.mnc",
            "not_found": true
        }
    },
    "public-output": {
        "stdout": null,
        "stderr": null,
        "exit-code": 0,
        "error-message": "",
        "shell-command": "freesurfer-command-line-script.sh sub_01_control_site_1 str_execution_name_5H f_freesurfer_license_89.mnc",
        "missing-files": {},
        "output-files": {
            "results": {
                "file-name": "sub_01_control_site_1-str_execution_name_5H",
                "md5sum": "6a5150327721fd1b3be2f0a96de0611b"
            }
        }
    },
    "additional-information": null
}