{
    "summary": {
        "name": "fsl_bet",
        "descriptor-doi": "10.5281/zenodo.1482743",
        "date-time": "2020-06-17_12h23m59s115074ms"
    },
    "public-invocation": {
        "infile": {
            "file-name": "sub_01_control_site_1_T1w.nii.gz",
            "md5sum": "11635b3302b5d73eb12bafe6a9110272"
        },
        "maskfile": "sub_01_control_site_1_T1w_brain"
    },
    "public-output": {
        "stdout": null,
        "stderr": null,
        "exit-code": 0,
        "error-message": "",
        "shell-command": "bet sub_01_control_site_1_T1w.nii.gz sub_01_control_site_1_T1w_brain",
        "missing-files": {},
        "output-files": {
            "outfile": {
                "file-name": "sub_01_control_site_1_T1w_brain.nii.gz",
                "md5sum": "2c011c51d332f941ae22d7b8a1b92f98"
            }
        }
    },
    "additional-information": null
}