{
    "summary": {
        "name": "fsl_fast",
        "descriptor-doi": "10.5281/zenodo.1494308",
        "date-time": "2020-12-18_10h18m10s443134ms"
    },
    "public-invocation": {
        "output_basename": "fsl-fast-output_basename",
        "in_files": {
            "file-name": "sub-032633_ses-020_run-1_PD.nii.gz",
            "md5sum": "7d45cd8352bb313598521757c03b5d3c"
        }
    },
    "public-output": {
        "stdout": "",
        "stderr": "Image Exception : #22 :: ERROR: Could not open image /home/mandana/CONP/conp-dataset/projects/SIMON-dataset/data_BIDS/sub-032633/ses-020/anat/sub-032633_ses-020_run-1_PD\nterminate called after throwing an instance of 'RBD_COMMON::BaseException'\n/home/mandana/CONP/zenodo.1494308/temp-1468108554098-1608304689211.localExec.boshjob.sh: line 2:     8 Aborted                 (core dumped) fast -o fsl-fast-output_basename /home/mandana/CONP/conp-dataset/projects/SIMON-dataset/data_BIDS/sub-032633/ses-020/anat/sub-032633_ses-020_run-1_PD.nii.gz\nmkdir: cannot create directory 'fsl-fast-output_basename': File exists\nmv: cannot stat 'fsl-fast-output_basename_*': No such file or directory\n",
        "exit-code": 1,
        "error-message": "",
        "shell-command": "fast -o fsl-fast-output_basename /home/mandana/CONP/conp-dataset/projects/SIMON-dataset/data_BIDS/sub-032633/ses-020/anat/sub-032633_ses-020_run-1_PD.nii.gz; mkdir fsl-fast-output_basename; mv fsl-fast-output_basename_* fsl-fast-output_basename",
        "missing-files": {},
        "output-files": {
            "output_dir": {
                "file-name": "fsl-fast-output_basename",
                "files": []
            }
        }
    },
    "additional-information": null
}