{
    "summary": {
        "name": "fsl_first",
        "descriptor-doi": "10.5281/zenodo.1494312",
        "date-time": "2020-06-18_22h48m53s358242ms"
    },
    "public-invocation": {
        "input_file": {
            "file-name": "sub-01_space-MNI152NLin2009cAsym_desc-grey_mask.nii.gz",
            "md5sum": "59f80b4008e581bcf4f3510869ee6200"
        },
        "prefix": "str_prefix_u1"
    },
    "public-output": {
        "stdout": null,
        "stderr": null,
        "exit-code": 1,
        "error-message": "",
        "shell-command": "mkdir -p sub-01_space-MNI152NLin2009cAsym_desc-grey_mask; run_first_all -i sub-01_space-MNI152NLin2009cAsym_desc-grey_mask.nii.gz -o sub-01_space-MNI152NLin2009cAsym_desc-grey_mask/str_prefix_u1",
        "missing-files": {
            "std_sub_outputs": "sub-01_space-MNI152NLin2009cAsym_desc-grey_mask_to_std_sub*"
        },
        "output-files": {
            "outputs": {
                "file-name": "sub-01_space-MNI152NLin2009cAsym_desc-grey_mask",
                "files": []
            }
        }
    },
    "additional-information": null
}