{
    "summary": {
        "name": "fsl_bet",
        "descriptor-doi": "10.5281/zenodo.1482743",
        "date-time": "2020-05-25_12h15m25s020233ms"
    },
    "public-invocation": {
        "infile": {
            "file-name": "sub-032633_ses-001_run-1_T1w.nii.gz",
            "not_found": true
        },
        "maskfile": "data_BIDS/sub-032633/ses-001/anat/sub-032633_ses-001_run-1_T1w_brain"
    },
    "public-output": {
        "stdout": null,
        "stderr": null,
        "exit-code": 125,
        "error-message": "",
        "shell-command": "bet data_BIDS/sub-032633/ses-001/anat/sub-032633_ses-001_run-1_T1w.nii.gz data_BIDS/sub-032633/ses-001/anat/sub-032633_ses-001_run-1_T1w_brain",
        "missing-files": {},
        "output-files": {}
    },
    "additional-information": null
}