{
    "summary": {
        "name": "fsl_fast",
        "descriptor-doi": "descriptor_fsl_fast_2020-12-18_10h19m09s961033ms.json",
        "date-time": "2020-12-18_10h21m46s286926ms"
    },
    "public-invocation": {
        "output_basename": "fsl-fast-output_basename",
        "in_files": {
            "file-name": "sub-032633_ses-020_run-1_PD.nii.gz",
            "md5sum": "7d45cd8352bb313598521757c03b5d3c"
        }
    },
    "public-output": {
        "stdout": "",
        "stderr": "",
        "exit-code": 0,
        "error-message": "",
        "shell-command": "fast -o fsl-fast-output_basename /home/mandana/CONP/conp-dataset/projects/SIMON-dataset/data_BIDS/sub-032633/ses-020/anat/sub-032633_ses-020_run-1_PD.nii.gz; mkdir fsl-fast-output_basename; mv fsl-fast-output_basename_* fsl-fast-output_basename",
        "missing-files": {},
        "output-files": {
            "output_dir": {
                "file-name": "fsl-fast-output_basename",
                "files": [
                    {
                        "file-name": "fsl-fast-output_basename_mixeltype.nii.gz",
                        "md5sum": "34760ad782d24e3649b341f3562c6269"
                    },
                    {
                        "file-name": "fsl-fast-output_basename_pve_0.nii.gz",
                        "md5sum": "b117f610fd9902eaa1263e9fbbfc8726"
                    },
                    {
                        "file-name": "fsl-fast-output_basename_pve_1.nii.gz",
                        "md5sum": "ea9581b90174b16b2a5fd3134ce6e580"
                    },
                    {
                        "file-name": "fsl-fast-output_basename_pve_2.nii.gz",
                        "md5sum": "c2fb462e746feb7846f8e776f5eef0be"
                    },
                    {
                        "file-name": "fsl-fast-output_basename_pveseg.nii.gz",
                        "md5sum": "37207efe7b56fb901c3db0088c654531"
                    },
                    {
                        "file-name": "fsl-fast-output_basename_seg.nii.gz",
                        "md5sum": "907691ce8d8967e6424cb8bbb6dc0a0a"
                    }
                ]
            }
        }
    },
    "additional-information": null
}