{
    "summary": {
        "name": "fsl_first",
        "descriptor-doi": "10.5281/zenodo.1494312",
        "date-time": "2021-01-05_13h35m19s837153ms"
    },
    "public-invocation": {
        "input_file": {
            "file-name": "sub-032633_ses-020_run-1_PD.nii.gz",
            "md5sum": "7d45cd8352bb313598521757c03b5d3c"
        },
        "prefix": "SIMON_flsFirst"
    },
    "public-output": {
        "stdout": null,
        "stderr": null,
        "exit-code": 1,
        "error-message": "",
        "shell-command": "mkdir -p /home/mandana/CONP/conp-dataset/projects/SIMON-dataset/data_BIDS/sub-032633/ses-020/anat/sub-032633_ses-020_run-1_PD; run_first_all -i /home/mandana/CONP/conp-dataset/projects/SIMON-dataset/data_BIDS/sub-032633/ses-020/anat/sub-032633_ses-020_run-1_PD.nii.gz -o /home/mandana/CONP/conp-dataset/projects/SIMON-dataset/data_BIDS/sub-032633/ses-020/anat/sub-032633_ses-020_run-1_PD/SIMON_flsFirst",
        "missing-files": {
            "std_sub_outputs": "/home/mandana/CONP/conp-dataset/projects/SIMON-dataset/data_BIDS/sub-032633/ses-020/anat/sub-032633_ses-020_run-1_PD_to_std_sub*"
        },
        "output-files": {
            "outputs": {
                "file-name": "sub-032633_ses-020_run-1_PD",
                "files": []
            }
        }
    },
    "additional-information": null
}