{
    "summary": {
        "name": "fslstats",
        "descriptor-doi": "10.5281/zenodo.3240521",
        "date-time": "2020-06-12_00h04m30s225391ms"
    },
    "public-invocation": {
        "input_file": {
            "file-name": "sub-01_T1w.nii.gz",
            "md5sum": "15a2105403575764687f799bd0dd7c86"
        },
        "P": 97
    },
    "public-output": {
        "stdout": null,
        "stderr": null,
        "exit-code": 0,
        "error-message": "",
        "shell-command": "fslstats sub-01_T1w.nii.gz -P 97 > output.txt",
        "missing-files": {},
        "output-files": {
            "output": {
                "file-name": "output.txt",
                "md5sum": "8cee28ecbe3f7184ed1e0bdbe9fd3dae"
            }
        }
    },
    "additional-information": null
}