{
    "summary": {
        "name": "MCFLIRT",
        "descriptor-doi": "10.5281/zenodo.2602109",
        "date-time": "2020-06-12_00h10m44s158249ms"
    },
    "public-invocation": {
        "in_file": {
            "file-name": "sub-01_T1w.nii.gz",
            "md5sum": "15a2105403575764687f799bd0dd7c86"
        }
    },
    "public-output": {
        "stdout": null,
        "stderr": null,
        "exit-code": 0,
        "error-message": "",
        "shell-command": "mcflirt -in sub-01_T1w.nii.gz",
        "missing-files": {},
        "output-files": {}
    },
    "additional-information": null
}