{
    "summary": {
        "name": "MCFLIRT",
        "descriptor-doi": "10.5281/zenodo.2602109",
        "date-time": "2020-06-11_23h56m49s215542ms"
    },
    "public-invocation": {
        "in_file": {
            "file-name": "bigbrain.loris.ca_BigBrainRelease.2015_3D_Volumes_Histological_Space_full16_1000um_optbal.nii.gz",
            "md5sum": "58644c5fd4ec309a195b6ab296ad3cfe"
        }
    },
    "public-output": {
        "stdout": null,
        "stderr": null,
        "exit-code": 0,
        "error-message": "",
        "shell-command": "mcflirt -in bigbrain.loris.ca_BigBrainRelease.2015_3D_Volumes_Histological_Space_full16_1000um_optbal.nii.gz",
        "missing-files": {},
        "output-files": {}
    },
    "additional-information": null
}