{
    "summary": {
        "name": "oneVoxel",
        "descriptor-doi": "descriptor_oneVoxel_2021-01-01_21h51m33s773368ms.json",
        "date-time": "2021-01-01_21h52m43s650429ms"
    },
    "public-invocation": {
        "clean": true,
        "erode": 2,
        "image_file": {
            "file-name": "sub-032633_ses-020_run-1_FLAIR.nii.gz",
            "md5sum": "89c3bdb78fa1505905b1e132b4fffbe7"
        },
        "mask_file": {
            "file-name": "mask_mask.nii.gz",
            "md5sum": "efe6b94de798257021ac188c2be4d5cd"
        },
        "output_directory": {
            "file-name": "oneVoxel",
            "files": [
                {
                    "file-name": "mask_mask.nii.gz",
                    "md5sum": "efe6b94de798257021ac188c2be4d5cd"
                },
                {
                    "file-name": "invocation_3380620.json",
                    "md5sum": "3c987cbc30f535a2e933adc704b32483"
                },
                {
                    "file-name": "invocation_G.json",
                    "md5sum": "ed2dba393edbafbe14aa0a22577b6582"
                }
            ]
        },
        "repeat": 10,
        "verbose": true
    },
    "public-output": {
        "stdout": null,
        "stderr": null,
        "exit-code": 0,
        "error-message": "",
        "shell-command": "onevox /home/mandana/CONP/conp-dataset/projects/SIMON-dataset/data_BIDS/sub-032633/ses-020/anat/sub-032633_ses-020_run-1_FLAIR.nii.gz /home/mandana/CONP/oneVoxel --mask_file /home/mandana/CONP/oneVoxel/mask_mask.nii.gz --intensity 0.01 --erode 2 --repeat 10 --mode single --clean --verbose",
        "missing-files": {},
        "output-files": {}
    },
    "additional-information": null
}