{
    "summary": {
        "name": "BIDS app example",
        "descriptor-doi": "10.5281/zenodo.1451001",
        "date-time": "2020-06-09_00h16m07s863960ms"
    },
    "public-invocation": {
        "bids_dir": {
            "file-name": "ub-bbhist_hemi-L_label-HippSubfieldsJD.nii.gz",
            "not_found": true
        },
        "participant_level_analysis_dir": {
            "file-name": "ub-bbhist_hemi-L_label-HippSubfieldsJD_brain",
            "not_found": true
        },
        "analysis_level": "group"
    },
    "public-output": {
        "stdout": null,
        "stderr": null,
        "exit-code": 2,
        "error-message": "",
        "shell-command": "mkdir -p; /run.py ub-bbhist_hemi-L_label-HippSubfieldsJD.nii.gz group",
        "missing-files": {
            "output_dir": "ub-bbhist_hemi-L_label-HippSubfieldsJD_brain"
        },
        "output-files": {}
    },
    "additional-information": null
}