{
    "summary": {
        "name": "Example Boutiques Tool",
        "descriptor-doi": "descriptor_Example-Boutiques-Tool_2020-05-31_15h33m30s966713ms.json",
        "date-time": "2020-05-31_15h33m32s718705ms"
    },
    "public-invocation": {
        "str_input_list": [
            "fo '; echo FAIL",
            "bar"
        ],
        "str_input": "coin;plop",
        "file_input": {
            "file-name": "setup.py",
            "md5sum": "696ec573ff3aa6daf88f12f8f8ab3d23"
        },
        "file_list_input": [
            {
                "file-name": "test_mount1",
                "not_found": true
            },
            {
                "file-name": "test_mount2",
                "not_found": true
            }
        ],
        "list_int_input": [
            1,
            2,
            3
        ],
        "config_num": 4,
        "enum_input": "val1"
    },
    "public-output": {
        "stdout": "\\xc7a c'est stdout",
        "stderr": "This is std\\xe9rr",
        "exit-code": 0,
        "error-message": "",
        "shell-command": "exampleTool1_nonutf8.py -c ./config.txt -i 'fo '\"'\"'; echo FAIL' bar -s 'coin;plop' -t /test_mount1 /test_mount2 -e val1 ./setup.py 'log-4-coin;plop.txt' -l 1 2 3",
        "missing-files": {},
        "output-files": {
            "logfile": {
                "file-name": "log-4-coin;plop.txt",
                "md5sum": "8bb2564936980e92ceec8a5759ec34a8"
            },
            "config_file": {
                "file-name": "config.txt",
                "md5sum": "ee9cdba358282652236c5bfb61180ef5"
            }
        }
    },
    "additional-information": null
}