{
    "summary": {
        "name": "FreeSurferPipelineBatch-CentOS7",
        "descriptor-doi": "10.5281/zenodo.1450997",
        "date-time": "2020-06-23_23h09m20s222376ms"
    },
    "public-invocation": {
        "subject_folder": {
            "file-name": "sub-bbhist",
            "files": [
                {
                    "file-name": "anat",
                    "files": [
                        {
                            "file-name": "sub-bbhist_hemi-L_label-HippSubfieldsJD.nii.gz",
                            "md5sum": "7696c97c62f39afc05a83d9be66365a9"
                        },
                        {
                            "file-name": "sub-bbhist_hemi-L_label-HippUnfold_roi.nii.gz",
                            "md5sum": "f7deaaa2386f3a38be23006f12995bef"
                        },
                        {
                            "file-name": "sub-bbhist_hemi-R_label-HippSubfieldsJD.nii.gz",
                            "md5sum": "5e39b91cc1d03aaed7f809121b142009"
                        },
                        {
                            "file-name": "sub-bbhist_hemi-R_label-HippUnfold_roi.nii.gz",
                            "md5sum": "2c8247bd2a92a49fb36878ad7181d22f"
                        }
                    ]
                }
            ]
        },
        "execution_name": "str_execution_name_5H",
        "freesurfer_license": {
            "file-name": "f_freesurfer_license_89.mnc",
            "not_found": true
        }
    },
    "public-output": {
        "stdout": null,
        "stderr": null,
        "exit-code": 0,
        "error-message": "",
        "shell-command": "freesurfer-command-line-script.sh sub-bbhist str_execution_name_5H f_freesurfer_license_89.mnc",
        "missing-files": {},
        "output-files": {
            "results": {
                "file-name": "sub-bbhist-str_execution_name_5H",
                "md5sum": "540c576b9230f9baad56a11f7c78700e"
            }
        }
    },
    "additional-information": null
}