{
    "summary": {
        "name": "fsl_bet",
        "descriptor-doi": "10.5281/zenodo.1482743",
        "date-time": "2020-06-12_00h01m45s959152ms"
    },
    "public-invocation": {
        "infile": {
            "file-name": "sub-01_T1w.nii.gz",
            "md5sum": "15a2105403575764687f799bd0dd7c86"
        },
        "maskfile": "sub-01_T1w_brain"
    },
    "public-output": {
        "stdout": null,
        "stderr": null,
        "exit-code": 0,
        "error-message": "",
        "shell-command": "bet sub-01_T1w.nii.gz sub-01_T1w_brain",
        "missing-files": {},
        "output-files": {
            "outfile": {
                "file-name": "sub-01_T1w_brain.nii.gz",
                "md5sum": "97441e64619d5bd0070804912cc75b8d"
            }
        }
    },
    "additional-information": null
}