{
    "summary": {
        "name": "fsl_bet",
        "descriptor-doi": "10.5281/zenodo.1482743",
        "date-time": "2020-05-25_14h19m21s032129ms"
    },
    "public-invocation": {
        "infile": {
            "file-name": "sub-032633_ses-001_run-1_T1w.nii.gz",
            "md5sum": "d7cf666080d599c2992a082810a7b1f8"
        },
        "maskfile": "sub-032633_ses-001_run-1_T1w_brain"
    },
    "public-output": {
        "stdout": null,
        "stderr": null,
        "exit-code": 0,
        "error-message": "",
        "shell-command": "bet sub-032633_ses-001_run-1_T1w.nii.gz sub-032633_ses-001_run-1_T1w_brain",
        "missing-files": {},
        "output-files": {
            "outfile": {
                "file-name": "sub-032633_ses-001_run-1_T1w_brain.nii.gz",
                "md5sum": "9e44d9bb7a8c1d706ae16d200a225482"
            }
        }
    },
    "additional-information": null
}