{
    "summary": {
        "name": "fsl_bet",
        "descriptor-doi": "10.5281/zenodo.1482743",
        "date-time": "2020-05-25_19h23m50s319054ms"
    },
    "public-invocation": {
        "infile": {
            "file-name": "sub-032633_ses-003_run-1_T1w.nii.gz",
            "md5sum": "6bbe6940d4f4d89d2b40e6f82f814952"
        },
        "maskfile": "sub-032633_ses-003_run-1_T1w_brain"
    },
    "public-output": {
        "stdout": null,
        "stderr": null,
        "exit-code": 0,
        "error-message": "",
        "shell-command": "bet sub-032633_ses-003_run-1_T1w.nii.gz sub-032633_ses-003_run-1_T1w_brain",
        "missing-files": {},
        "output-files": {
            "outfile": {
                "file-name": "sub-032633_ses-003_run-1_T1w_brain.nii.gz",
                "md5sum": "70c34310666bf1fc3e9cd03bc291ae0d"
            }
        }
    },
    "additional-information": null
}