{
    "summary": {
        "name": "fsl_bet",
        "descriptor-doi": "10.5281/zenodo.1482743",
        "date-time": "2020-06-12_00h30m31s830000ms"
    },
    "public-invocation": {
        "infile": {
            "file-name": "bigbrain.loris.ca_BigBrainRelease.2015_3D_Classified_Volumes_Histological_Space_full_cls_100um.nii.gz",
            "md5sum": "8a5beb6542091109f2d5d80901efc5ab"
        },
        "maskfile": "bigbrain.loris.ca_BigBrainRelease.2015_3D_Classified_Volumes_Histological_Space_full_cls_100um_brain"
    },
    "public-output": {
        "stdout": null,
        "stderr": null,
        "exit-code": 0,
        "error-message": "",
        "shell-command": "bet bigbrain.loris.ca_BigBrainRelease.2015_3D_Classified_Volumes_Histological_Space_full_cls_100um.nii.gz bigbrain.loris.ca_BigBrainRelease.2015_3D_Classified_Volumes_Histological_Space_full_cls_100um_brain",
        "missing-files": {},
        "output-files": {}
    },
    "additional-information": null
}