{
    "summary": {
        "name": "MCFLIRT",
        "descriptor-doi": "10.5281/zenodo.2602109",
        "date-time": "2020-06-11_22h47m22s146546ms"
    },
    "public-invocation": {
        "in_file": {
            "file-name": "sub_01_control_site_2_T1w.nii.gz",
            "md5sum": "6c96ff8fab07011c518a112f1736099a"
        }
    },
    "public-output": {
        "stdout": null,
        "stderr": null,
        "exit-code": 0,
        "error-message": "",
        "shell-command": "mcflirt -in sub_01_control_site_2_T1w.nii.gz",
        "missing-files": {},
        "output-files": {}
    },
    "additional-information": null
}